type,value,description
hash,a833dbdc5c2113da51bf778351834682bc6220461394050e04592cd9096e0aba,RAT
hash,2110af4e9c7a4f7a39948cdd696fcd8b4cdbb7a6a5bf5c5a277b779cc1bf8577,OLE
c2,162.245.191.217:9149,C2 address
c2,162.245.191.217:15198,C2 address
c2,162.245.191.217:17818,C2 address
c2,162.245.191.217:27781,C2 address
c2,162.245.191.217:29224,C2 address
c2,210.115.211.107:9149,C2 address
c2,210.115.211.107:15198,C2 address
c2,210.115.211.107:17818,C2 address
c2,210.115.211.107:27781,C2 address
c2,210.115.211.107:29224,C2 address
hash,503d4b9bd0a158dbfd9179ac51341404f32f9fc1765d375f4c92eb7d0ed8ba18,RAT
c2,adietv.duckdns.org:9259,C2 address
c2,adietv.duckdns.org:19282,C2 address
c2,adietv.duckdns.org:22917,C2 address
c2,adietv.duckdns.org:28291,C2 address
c2,adietv.duckdns.org:26326,C2 address
c2,101.122.120.107:9259,C2 address
c2,101.122.120.107:19282,C2 address
c2,101.122.120.107:22917,C2 address
c2,101.122.120.107:28291,C2 address
c2,101.122.120.107:26326,C2 address
c2,167.160.166.143:9259,C2 address
c2,167.160.166.143:19282,C2 address
c2,167.160.166.143:22917,C2 address
c2,167.160.166.143:28291,C2 address
c2,167.160.166.143:26326,C2 address
hash,e87978f0af9bb550ab4686a7d3657e6cbfd92347744dfce8ff2321781ac2eee0,RAT
c2,mus09.duckdns.org:11128, C2 address
c2,mus09.duckdns.org:18187, C2 address
c2,mus09.duckdns.org:19986, C2 address
c2,mus09.duckdns.org:27684, C2 address
c2,mus09.duckdns.org:25123, C2 address
c2,164.68.122.64:11128, C2 address
c2,164.68.122.64:18187, C2 address
c2,164.68.122.64:19986, C2 address
c2,164.68.122.64:27684, C2 address
c2,164.68.122.64:25123, C2 address
c2,111.125.101.112:11128, C2 address
c2,111.125.101.112:18187, C2 address
c2,111.125.101.112:19986, C2 address
c2,111.125.101.112:27684, C2 address
c2,111.125.101.112:25123, C2 address